[
  {
    "id": "8490d334-0ff1-4cac-bd41-0325af05a56e",
    "data": [
      {
        "text": "necesito contactar",
        "userDefined": false
      }
    ],
    "isTemplate": false,
    "count": 0,
    "lang": "en",
    "updated": 0
  },
  {
    "id": "f98880fc-597a-4d9d-b1a1-887508f8542b",
    "data": [
      {
        "text": "Contactar con una persona",
        "userDefined": false
      }
    ],
    "isTemplate": false,
    "count": 0,
    "lang": "en",
    "updated": 0
  },
  {
    "id": "e4c97219-00b1-4141-844d-827170660fc8",
    "data": [
      {
        "text": "Necesito ayuda de una persona",
        "userDefined": false
      }
    ],
    "isTemplate": false,
    "count": 0,
    "lang": "en",
    "updated": 0
  },
  {
    "id": "dade5a24-2e0d-479d-aaaf-9e3b04617b7c",
    "data": [
      {
        "text": "Callcenter",
        "userDefined": false
      }
    ],
    "isTemplate": false,
    "count": 0,
    "lang": "en",
    "updated": 0
  },
  {
    "id": "eac9c4e0-ca97-4fb3-90bc-bd8dd3c658ba",
    "data": [
      {
        "text": "Personalizada",
        "userDefined": false
      }
    ],
    "isTemplate": false,
    "count": 0,
    "lang": "en",
    "updated": 0
  },
  {
    "id": "4a7406d4-a972-4d19-b308-6e5cebc88bfd",
    "data": [
      {
        "text": "Asesoria",
        "userDefined": false
      }
    ],
    "isTemplate": false,
    "count": 0,
    "lang": "en",
    "updated": 0
  },
  {
    "id": "e77e29de-b882-4f80-9d23-1e9d0ca45cd4",
    "data": [
      {
        "text": "Necesito asesoria",
        "userDefined": false
      }
    ],
    "isTemplate": false,
    "count": 0,
    "lang": "en",
    "updated": 0
  },
  {
    "id": "475c0042-f8e0-4e79-ae3e-e5bcaf5ff3b8",
    "data": [
      {
        "text": "Donde te puedo llamar",
        "userDefined": false
      }
    ],
    "isTemplate": false,
    "count": 0,
    "lang": "en",
    "updated": 0
  },
  {
    "id": "c64d183b-08da-44ca-93ea-a35d555f9531",
    "data": [
      {
        "text": "wsp",
        "userDefined": false
      }
    ],
    "isTemplate": false,
    "count": 0,
    "lang": "en",
    "updated": 0
  },
  {
    "id": "d0637af3-4bd3-4736-896d-9f32d916b000",
    "data": [
      {
        "text": "numero wsp",
        "userDefined": false
      }
    ],
    "isTemplate": false,
    "count": 0,
    "lang": "en",
    "updated": 0
  },
  {
    "id": "7eec1518-8bf4-47ab-80d0-b6d4b8fab697",
    "data": [
      {
        "text": "whatsap",
        "userDefined": false
      }
    ],
    "isTemplate": false,
    "count": 0,
    "lang": "en",
    "updated": 0
  },
  {
    "id": "a199f287-0fdd-4a80-827c-d155a88d16af",
    "data": [
      {
        "text": "numero whatsapp",
        "userDefined": false
      }
    ],
    "isTemplate": false,
    "count": 0,
    "lang": "en",
    "updated": 0
  },
  {
    "id": "fbe70995-07a9-4d02-8d07-d7691addc81e",
    "data": [
      {
        "text": "numero telefono",
        "userDefined": false
      }
    ],
    "isTemplate": false,
    "count": 0,
    "lang": "en",
    "updated": 0
  },
  {
    "id": "baf78ddd-806f-47fa-95ed-e4ae3744be0a",
    "data": [
      {
        "text": "tienes numero telefonico?",
        "userDefined": false
      }
    ],
    "isTemplate": false,
    "count": 0,
    "lang": "en",
    "updated": 0
  },
  {
    "id": "bc94bbe2-24df-49b0-900d-15aa5df41f59",
    "data": [
      {
        "text": "Donde te puedo contactar",
        "userDefined": false
      }
    ],
    "isTemplate": false,
    "count": 0,
    "lang": "en",
    "updated": 0
  }
]