[
  {
    "id": "fd11e28e-c397-4e00-805d-8c2144d30f05",
    "data": [
      {
        "text": "Salir",
        "userDefined": false
      }
    ],
    "isTemplate": false,
    "count": 0,
    "lang": "en",
    "updated": 0
  },
  {
    "id": "7dd24822-162b-45e2-a72b-0c52e029742e",
    "data": [
      {
        "text": "Me voy",
        "userDefined": false
      }
    ],
    "isTemplate": false,
    "count": 0,
    "lang": "en",
    "updated": 0
  },
  {
    "id": "467c23b3-05b2-4c40-97f0-e3dc00a8ee21",
    "data": [
      {
        "text": "Good bye",
        "userDefined": false
      }
    ],
    "isTemplate": false,
    "count": 0,
    "lang": "en",
    "updated": 0
  },
  {
    "id": "22ba1917-8308-482f-8b54-c63ef7359fa5",
    "data": [
      {
        "text": "Bye",
        "userDefined": false
      }
    ],
    "isTemplate": false,
    "count": 0,
    "lang": "en",
    "updated": 0
  },
  {
    "id": "53203c3c-95fb-4980-919e-5adbce55c560",
    "data": [
      {
        "text": "Xiao",
        "userDefined": false
      }
    ],
    "isTemplate": false,
    "count": 0,
    "lang": "en",
    "updated": 0
  },
  {
    "id": "d2318313-11f4-4cc0-a252-4f22431182c7",
    "data": [
      {
        "text": "Chao",
        "meta": "@sys.person",
        "alias": "person",
        "userDefined": false
      }
    ],
    "isTemplate": false,
    "count": 0,
    "lang": "en",
    "updated": 0
  },
  {
    "id": "a3e8c0d0-7944-40b0-98b3-55cef5b272dd",
    "data": [
      {
        "text": "Nos vemos",
        "userDefined": false
      }
    ],
    "isTemplate": false,
    "count": 0,
    "lang": "en",
    "updated": 0
  },
  {
    "id": "4026c160-30fe-403c-9973-6835f5bbdb47",
    "data": [
      {
        "text": "Hasta pronto",
        "userDefined": false
      }
    ],
    "isTemplate": false,
    "count": 0,
    "lang": "en",
    "updated": 0
  },
  {
    "id": "389282a4-609c-406c-ab35-010cc7cce781",
    "data": [
      {
        "text": "Hasta luego",
        "userDefined": false
      }
    ],
    "isTemplate": false,
    "count": 0,
    "lang": "en",
    "updated": 0
  },
  {
    "id": "82f39ce5-d4f3-46d0-9ac7-bc088b5dff0b",
    "data": [
      {
        "text": "Adios",
        "userDefined": false
      }
    ],
    "isTemplate": false,
    "count": 0,
    "lang": "en",
    "updated": 0
  }
]