[
  {
    "id": "65cff660-6675-4133-988a-2e9d240e54bc",
    "data": [
      {
        "text": "dame otra",
        "userDefined": false
      }
    ],
    "isTemplate": false,
    "count": 0,
    "lang": "en",
    "updated": 0
  },
  {
    "id": "fc0f864b-c026-480e-bd39-4f1e47d7b55a",
    "data": [
      {
        "text": "envíame otra ",
        "userDefined": false
      },
      {
        "text": "imagen",
        "meta": "@sys.ignore",
        "userDefined": true
      }
    ],
    "isTemplate": false,
    "count": 0,
    "lang": "en",
    "updated": 0
  },
  {
    "id": "6b8470fa-ebe8-4797-82a5-e7853b758c81",
    "data": [
      {
        "text": "envíame una imagen",
        "userDefined": false
      }
    ],
    "isTemplate": false,
    "count": 0,
    "lang": "en",
    "updated": 0
  }
]