[
  {
    "id": "c7279f28-4486-4a97-8b0e-0aa8276d3563",
    "data": [
      {
        "text": "muestrame menus",
        "userDefined": false
      }
    ],
    "isTemplate": false,
    "count": 0,
    "lang": "en",
    "updated": 0
  },
  {
    "id": "b7dde8b1-cce5-41ca-bf67-6f977badff04",
    "data": [
      {
        "text": "menus",
        "userDefined": false
      }
    ],
    "isTemplate": false,
    "count": 0,
    "lang": "en",
    "updated": 0
  },
  {
    "id": "a5400d5a-7784-45da-bccf-3a8a45c2473b",
    "data": [
      {
        "text": "aver los menus",
        "userDefined": false
      }
    ],
    "isTemplate": false,
    "count": 0,
    "lang": "en",
    "updated": 0
  },
  {
    "id": "f59a2f59-71ff-47af-b456-ab2f616b11f2",
    "data": [
      {
        "text": "muéstrame un menú",
        "userDefined": false
      }
    ],
    "isTemplate": false,
    "count": 0,
    "lang": "en",
    "updated": 0
  }
]