[
  {
    "id": "19e3e3b6-7f67-428e-9ec9-49a9b7957bfc",
    "data": [
      {
        "text": "cual es tu nombre",
        "userDefined": false
      }
    ],
    "isTemplate": false,
    "count": 1,
    "lang": "en",
    "updated": 0
  },
  {
    "id": "25ecac49-cdd9-4b63-92c7-37a146f6e195",
    "data": [
      {
        "text": "\u003cfont style\u003d\"vertical-align: inherit;\"\u003e\u003cfont style\u003d\"vertical-align: inherit;\"\u003ecomo te llamas\u003c/font\u003e\u003c/font\u003e",
        "userDefined": false
      }
    ],
    "isTemplate": false,
    "count": 0,
    "lang": "en",
    "updated": 0
  },
  {
    "id": "d0c3b2f3-da04-4425-b348-b1da3fd55c17",
    "data": [
      {
        "text": "tu nombre?",
        "userDefined": false
      }
    ],
    "isTemplate": false,
    "count": 0,
    "lang": "en",
    "updated": 0
  },
  {
    "id": "8514a87c-3d49-4800-a82f-d10373066fe5",
    "data": [
      {
        "text": "\u003cfont style\u003d\"vertical-align: inherit;\"\u003e\u003cfont style\u003d\"vertical-align: inherit;\"\u003e¿cual es tu nombre?\u003c/font\u003e\u003c/font\u003e",
        "userDefined": false
      }
    ],
    "isTemplate": false,
    "count": 0,
    "lang": "en",
    "updated": 0
  }
]