[
  {
    "id": "b1e5c81d-13d1-4e31-8a6c-5a306b5f760b",
    "data": [
      {
        "text": "vivo en Popayán",
        "userDefined": false
      }
    ],
    "isTemplate": false,
    "count": 0,
    "lang": "en",
    "updated": 0
  },
  {
    "id": "a4bd51b3-d5b8-416c-a760-0de50ddfd47e",
    "data": [
      {
        "text": "soy de Popayán",
        "userDefined": false
      }
    ],
    "isTemplate": false,
    "count": 0,
    "lang": "en",
    "updated": 0
  },
  {
    "id": "91b2a1ec-f0ec-462a-802d-4c9205c5e4c5",
    "data": [
      {
        "text": "me encuentro viviendo en Popayán",
        "userDefined": false
      }
    ],
    "isTemplate": false,
    "count": 0,
    "lang": "en",
    "updated": 0
  },
  {
    "id": "2b882eaf-c79a-4486-90b0-c017cd692861",
    "data": [
      {
        "text": "\u003cfont style\u003d\"vertical-align: inherit;\"\u003e\u003cfont style\u003d\"vertical-align: inherit;\"\u003etu ubicacion?\u003c/font\u003e\u003c/font\u003e",
        "userDefined": false
      }
    ],
    "isTemplate": false,
    "count": 0,
    "lang": "en",
    "updated": 0
  }
]