[
  {
    "id": "6cad32f5-ff40-4087-88b2-360938180b88",
    "data": [
      {
        "text": "comprar cafe",
        "userDefined": false
      }
    ],
    "isTemplate": false,
    "count": 0,
    "lang": "en",
    "updated": 0
  },
  {
    "id": "298cece8-219f-4cb5-ada1-0c1021225c5d",
    "data": [
      {
        "text": "de cual cafe tienes",
        "userDefined": false
      }
    ],
    "isTemplate": false,
    "count": 0,
    "lang": "en",
    "updated": 0
  },
  {
    "id": "72481565-b3f0-406e-bcae-54365b1760e7",
    "data": [
      {
        "text": "Que cafes tienes",
        "userDefined": false
      }
    ],
    "isTemplate": false,
    "count": 0,
    "lang": "en",
    "updated": 0
  }
]