[
  {
    "id": "8ad71539-4393-4223-a493-2af68764375d",
    "data": [
      {
        "text": "Estupendo",
        "userDefined": false
      }
    ],
    "isTemplate": false,
    "count": 0,
    "lang": "en",
    "updated": 0
  },
  {
    "id": "c06cfcd9-f386-41e5-aa2a-a0f7136573d9",
    "data": [
      {
        "text": "Excelente",
        "userDefined": false
      }
    ],
    "isTemplate": false,
    "count": 0,
    "lang": "en",
    "updated": 0
  },
  {
    "id": "9d218b9c-ae6e-48c4-bffe-71ebcb469512",
    "data": [
      {
        "text": "Bien",
        "userDefined": false
      }
    ],
    "isTemplate": false,
    "count": 0,
    "lang": "en",
    "updated": 0
  },
  {
    "id": "d2b89b0e-21c9-4daf-b758-6b04f6d2a626",
    "data": [
      {
        "text": "Genial",
        "userDefined": false
      }
    ],
    "isTemplate": false,
    "count": 0,
    "lang": "en",
    "updated": 0
  }
]