[
  {
    "id": "f0acd96e-899d-4513-99cd-2fe774c02420",
    "data": [
      {
        "text": "Pésimo",
        "meta": "@sys.ignore",
        "userDefined": false
      }
    ],
    "isTemplate": false,
    "count": 0,
    "lang": "en",
    "updated": 0
  },
  {
    "id": "5000ecac-7e54-4512-bba7-07e6090c524b",
    "data": [
      {
        "text": "Fatal",
        "userDefined": false
      }
    ],
    "isTemplate": false,
    "count": 0,
    "lang": "en",
    "updated": 0
  },
  {
    "id": "544356d3-033b-424f-8d4c-1266f090261d",
    "data": [
      {
        "text": "Mal",
        "userDefined": false
      }
    ],
    "isTemplate": false,
    "count": 0,
    "lang": "en",
    "updated": 0
  }
]