[
  {
    "id": "f86a7859-2f76-454e-ac48-397e3704af2d",
    "data": [
      {
        "text": "que tipo de sabores hay",
        "userDefined": false
      }
    ],
    "isTemplate": false,
    "count": 0,
    "lang": "en",
    "updated": 0
  },
  {
    "id": "255ab14d-0114-466c-bdbd-c30ffa32540c",
    "data": [
      {
        "text": "cuales son los sabores",
        "userDefined": false
      }
    ],
    "isTemplate": false,
    "count": 0,
    "lang": "en",
    "updated": 0
  },
  {
    "id": "6f2bc662-d932-44e3-9cfd-06d1a7b45409",
    "data": [
      {
        "text": "que helados tienes",
        "userDefined": false
      }
    ],
    "isTemplate": false,
    "count": 0,
    "lang": "en",
    "updated": 0
  },
  {
    "id": "5f8c2c9c-21c2-4a04-ba3b-994eca892310",
    "data": [
      {
        "text": "de cuales tienes",
        "userDefined": false
      }
    ],
    "isTemplate": false,
    "count": 0,
    "lang": "en",
    "updated": 0
  },
  {
    "id": "ef629f03-7464-4d7a-bd41-b3afc27cf058",
    "data": [
      {
        "text": "Que sabores tienes",
        "userDefined": false
      }
    ],
    "isTemplate": false,
    "count": 0,
    "lang": "en",
    "updated": 0
  },
  {
    "id": "49137d7b-9e92-4533-81a1-b79371fe17f9",
    "data": [
      {
        "text": "Que sabores tienes de helado",
        "userDefined": false
      }
    ],
    "isTemplate": false,
    "count": 0,
    "lang": "en",
    "updated": 0
  }
]