[
  {
    "id": "af36d32b-dd25-4953-a3bc-08f49ac46c8a",
    "data": [
      {
        "text": "merci",
        "userDefined": false
      }
    ],
    "isTemplate": false,
    "count": 0,
    "lang": "en",
    "updated": 0
  },
  {
    "id": "7d7e962e-d629-4c7e-9b96-c5250336cd1a",
    "data": [
      {
        "text": "gracias por la ayuda",
        "userDefined": false
      }
    ],
    "isTemplate": false,
    "count": 0,
    "lang": "en",
    "updated": 0
  },
  {
    "id": "ac7395f2-e34a-4f06-878b-444c6dcfba2b",
    "data": [
      {
        "text": "ty",
        "meta": "@sys.person",
        "alias": "person",
        "userDefined": false
      }
    ],
    "isTemplate": false,
    "count": 0,
    "lang": "en",
    "updated": 0
  },
  {
    "id": "c9936443-fce3-4963-b2ad-f2b07cfa74dd",
    "data": [
      {
        "text": "thanks",
        "userDefined": false
      }
    ],
    "isTemplate": false,
    "count": 0,
    "lang": "en",
    "updated": 0
  },
  {
    "id": "1eab141c-84a3-4740-9abb-6e5672c8b6f0",
    "data": [
      {
        "text": "muchas gracias",
        "userDefined": false
      }
    ],
    "isTemplate": false,
    "count": 0,
    "lang": "en",
    "updated": 0
  },
  {
    "id": "4c4032d4-05ed-46e3-82ca-87cb601d9f4a",
    "data": [
      {
        "text": "Gracias",
        "userDefined": false
      }
    ],
    "isTemplate": false,
    "count": 0,
    "lang": "en",
    "updated": 0
  }
]