[
  {
    "id": "a93b741b-5e40-451f-aa47-f2ee357ed6f7",
    "data": [
      {
        "text": "donde te ubicas",
        "userDefined": false
      }
    ],
    "isTemplate": false,
    "count": 0,
    "lang": "en",
    "updated": 0
  },
  {
    "id": "97804432-3ede-4945-ae7e-d877e5150e00",
    "data": [
      {
        "text": "Donde se encuentran?",
        "userDefined": false
      }
    ],
    "isTemplate": false,
    "count": 0,
    "lang": "en",
    "updated": 0
  },
  {
    "id": "1a08be80-7007-4ec1-98d3-bdb8f100923e",
    "data": [
      {
        "text": "Donde estan?",
        "userDefined": false
      }
    ],
    "isTemplate": false,
    "count": 0,
    "lang": "en",
    "updated": 0
  },
  {
    "id": "21ab251c-dafc-4c6d-b7fc-b4d5cd61dc47",
    "data": [
      {
        "text": "Donde están ubicados?",
        "userDefined": false
      }
    ],
    "isTemplate": false,
    "count": 0,
    "lang": "en",
    "updated": 0
  }
]