[
  {
    "id": "8f68afa4-13c0-491f-9057-a36c3d040b13",
    "data": [
      {
        "text": "quiero ",
        "userDefined": false
      },
      {
        "text": "cantidad",
        "meta": "@sys.number",
        "alias": "number",
        "userDefined": true
      },
      {
        "text": " helados de ",
        "userDefined": false
      },
      {
        "text": "saborHelado",
        "meta": "@saborHelado",
        "alias": "saborHelado",
        "userDefined": true
      },
      {
        "text": " ",
        "userDefined": false
      },
      {
        "text": "tamañoHelado",
        "meta": "@tamanoHelado",
        "alias": "tamanoHelado",
        "userDefined": true
      }
    ],
    "isTemplate": false,
    "count": 0,
    "lang": "en",
    "updated": 0
  }
]