[
  {
    "value": "Fresa",
    "synonyms": [
      "Fresa"
    ]
  },
  {
    "value": "Mora",
    "synonyms": [
      "Mora"
    ]
  },
  {
    "value": "Chocolate",
    "synonyms": [
      "Chocolate"
    ]
  },
  {
    "value": "Vainilla",
    "synonyms": [
      "Vainilla"
    ]
  },
  {
    "value": "Arequipe",
    "synonyms": [
      "Arequipe"
    ]
  },
  {
    "value": "Ron con pasas",
    "synonyms": [
      "Ron con pasas"
    ]
  },
  {
    "value": "Guanábana",
    "synonyms": [
      "Guanavana"
    ]
  },
  {
    "value": "Chispas",
    "synonyms": [
      "Chispas"
    ]
  },
  {
    "value": "Chicle",
    "synonyms": [
      "Chicle"
    ]
  },
  {
    "value": "Galletas",
    "synonyms": [
      "Galletas"
    ]
  },
  {
    "value": "Limon",
    "synonyms": [
      "Limon"
    ]
  }
]